{"cameraMode":{"drawMode":0,"name":"Shaded","section":"Shading Mode"},"sceneLighting":false,"audioPlay":false,"sceneViewState":{"showFog":true,"showMaterialUpdate":false,"showSkybox":true,"showFlares":true,"showImageEffects":true,"showParticleSystems":true,"showVisualEffectGraphs":true,"m_FxEnabled":true},"in2DMode":false,"pivot":{"x":3.4399731159210207,"y":0.8979744911193848,"z":3.8993048667907717},"rotation":{"x":0.3143952786922455,"y":-0.40636634826660159,"z":0.15128861367702485,"w":0.8444748520851135},"size":4.766829490661621,"orthographic":true}