{"cameraMode":{"drawMode":0,"name":"Shaded","section":"Shading Mode"},"sceneLighting":false,"audioPlay":false,"sceneViewState":{"showFog":true,"showMaterialUpdate":false,"showSkybox":false,"showFlares":true,"showImageEffects":true,"showParticleSystems":true,"showVisualEffectGraphs":true,"m_FxEnabled":true},"in2DMode":false,"pivot":{"x":2.9802322387695315e-8,"y":0.44999995827674868,"z":-5.960464477539063e-8},"rotation":{"x":0.21866475045681,"y":-0.019604651257395746,"z":0.004394287709146738,"w":0.9755980968475342},"size":0.7348470091819763,"orthographic":true}