{"cameraMode":{"drawMode":0,"name":"Shaded","section":"Shading Mode"},"sceneLighting":false,"audioPlay":false,"sceneViewState":{"showFog":true,"showMaterialUpdate":false,"showSkybox":false,"showFlares":true,"showImageEffects":true,"showParticleSystems":true,"showVisualEffectGraphs":true,"m_FxEnabled":true},"in2DMode":false,"pivot":{"x":2.9802322387695315e-8,"y":0.30000001192092898,"z":-5.960464477539063e-8},"rotation":{"x":0.10589917749166489,"y":0.5278626680374146,"z":-0.06654351949691773,"w":0.8400877118110657},"size":0.7348470091819763,"orthographic":true}