{"cameraMode":{"drawMode":0,"name":"Shaded","section":"Shading Mode"},"sceneLighting":false,"audioPlay":false,"sceneViewState":{"showFog":true,"showMaterialUpdate":false,"showSkybox":false,"showFlares":true,"showImageEffects":true,"showParticleSystems":true,"showVisualEffectGraphs":true,"m_FxEnabled":true},"in2DMode":false,"pivot":{"x":2.9802322387695315e-8,"y":0.30000001192092898,"z":-5.960464477539063e-8},"rotation":{"x":0.08899746090173722,"y":0.2627162039279938,"z":-0.024344991892576219,"w":0.9604655504226685},"size":0.7348470091819763,"orthographic":true}