{"cameraMode":{"drawMode":0,"name":"Shaded","section":"Shading Mode"},"sceneLighting":false,"audioPlay":false,"sceneViewState":{"showFog":true,"showMaterialUpdate":false,"showSkybox":false,"showFlares":true,"showImageEffects":true,"showParticleSystems":true,"showVisualEffectGraphs":true,"m_FxEnabled":true},"in2DMode":false,"pivot":{"x":-0.763704776763916,"y":0.5883365869522095,"z":-0.14998537302017213},"rotation":{"x":-0.016923032701015474,"y":-0.8709055781364441,"z":-0.030068065971136094,"w":0.4902448356151581},"size":0.7382188439369202,"orthographic":true}